mean,std
397.7507357514335,659.7336684415047
