mean,std
385.19001412619986,600.0507575992442
